<?xml version="1.0" encoding="UTF-8"?>
<testcase name="TC0001" desc="test desc">
	<variable name="v1">UAT</variable>
	<variable name="v2">UAT2</variable>
	<teststep type="HTTP" name="my first test step">		
		<method>POST</method>
		<url>https://www.google.com/{v1}/{v2}</url>	
		<param name="h1">v1</param>
		<header name="h1">v1</header>
		<header name="h1">v1</header>
		<header name="h2">v2</header>
		<body>@file=hello.txt</body>
		<expect name="response.status" check="eq" value="200">Error description</expect>
		<expect name="response.status" check="eq" value="200">Error description</expect>	
		<extract name="response.status" type="xml/json/html" value="status">Error description</extract>	
	</teststep>
</testcase>