<?xml version="1.0" encoding="UTF-8"?>
<testcase name="TC0001" desc="test desc">
	<variable name="v1">UAT</variable>
	<variable name="v2">UAT2</variable>
	<teststep type="HTTP" name="my first test step">		
		<method>POST</method>
		<url>https://www.google.com/{v1}/{v2}</url>	
		<param name="h1">v1</param>
		<header name="h1">v1</header>
		<header name="h1">v1</header>
		<header name="h2">v2</header>
		<body>@file=hello.txt</body>
		<extract type="xml/json/html/save" from="$.status" value="provision.status" variable="provision.status">Error description</extract>	
		<expect name="response.status" check="eq" value="200">Error description</expect>
		<expect name="response.status" check="eq" value="200">Error description</expect>			
	</teststep>
	<teststep type="SSH" name="KPI Validation Step">
		<host>10.10.159.142</host>
		<port>22</port>
		<username>root</username>
		<password>mavenir</password>
		<keyfile></keyfile>
		<command>cd /root/scripts_raj/slog/MSTR-P_4_2_22_3; cat test.kpi;</command>
		<expect name="response.status" check="contains" value="HTTP_POST_SEARCH_REQ_RCVD">Error description</expect>
		<expect name="response.status" check="contains" value="HTTP_POST_SEARCH_FAILED_RSP_SENT">Error description</expect>	
		<extract name="response.status" type="xml/json/html" value="status">Error description</extract>	
	</teststep>
	<teststep type="SFTP" name="Logs download Step">
		<host>10.10.159.142</host>
		<port>22</port>
		<username>root</username>
		<password>mavenir</password>
		<keyfile></keyfile>
		<ftp type="upload">
			<source>/root/scripts_raj/slog/MSTR-P_4_2_22_3/test.kpi</source>
			<destination>/root/scripts_raj/slog/MSTR-P_4_2_22_3/test.kpi</destination>
		</ftp>
		<expect name="response.status" check="contains" value="HTTP_POST_SEARCH_REQ_RCVD">Error description</expect>
		<expect name="response.status" check="contains" value="HTTP_POST_SEARCH_FAILED_RSP_SENT">Error description</expect>	
		<extract name="response.status" type="xml/json/html" value="status">Error description</extract>	
	</teststep>
	<teststep type="KPI" name="KPI Validation Step">
	</teststep>
	<teststep type="TRL" name="TRL Validation Step">
	</teststep>
</testcase>