<?xml version="1.0" encoding="UTF-8"?>
<testcase name="tc001" desc="test desc">
	<variable name="v1">UAT</variable>
	<variable name="v2">UAT</variable>
	<teststep type="HTTP" name="my first test step">
		<host>10.10.220.69</host>
		<method>POST</method>
		<url>https://www.google.com/</url>	
		<param name="h1">v1</param>
		<header name="h1">v1</header>
		<header name="h1">v1</header>
		<header name="h2">v2</header>
		<body>test body</body>
		<expect>
			<status>200</status>
			<status>200</status>
		</expect>
		<extract>
			<status>200</status>
			<status>200</status>
		</extract>
	</teststep>
</testcase>