<?xml version="1.0" encoding="UTF-8"?>
<testcase name="TC0001_Add_Subscriber" desc="Test case to show the sample POST http api test format">
	<variable name="msisdn">96207782911</variable>
	<variable name="cosid">1340</variable>
	<teststep type="HTTP" desc="Create new user">		
		<method>POST</method>
		<url>http://10.10.159.142:80/host/nms/v1/vm/provision</url>	
		<header name="Content-Type">application/xml</header>
		<header name="User-Agent">httpGo Server v1.0.0</header>
		<body>@file=add_subscriber.xml</body>
		<expect name="http.code" check="eq" value="201">api response status code is other than 201</expect>
	</teststep>
</testcase>