<?xml version="1.0" encoding="UTF-8"?>
<testcase name="TC0003_Ssh_KPI_sample" desc="Test case to show the sample SSH remote command execution">
	<teststep type="SSH" desc="Step to get the content of text file via ssh">
		<host>10.10.159.142</host>
		<port>22</port>
		<username>root</username>
		<password>mavenir</password>
		<command mandatory="true">python /root/httpGo/mstore_kpi_counters_processor.py -group NMS_REST -collect false -id 123</command>
		<expect name="ssh.status" check="not contains" value="false">remote command execution failed</expect>
		<expect name="ssh.output" check="contains" value="messages has been sent out" optional="true">Tmm peg immeditely failed</expect>
		<expect name="ssh.output" check="contains" value="HTTP_GET_PAYLOAD_RSP_SENT = 1">KPI request counter not pegged</expect>
	</teststep>
</testcase>