<?xml version="1.0" encoding="UTF-8"?>
<testcase name="TC0006_Provision_NewUser" desc="Test case to create new user via mstore provision xml" disabled="true" tags="UT,IT,Critical">
	<variable name="msisdn">96207782914</variable>
	<variable name="cosid">1340</variable>
	<teststep type="HTTP" desc="Add new test subscriber">		
		<method>POST</method>
		<url>${mstore_provision_base_path}/host/nms/v1/vm/provision</url>	
		<header name="Content-Type">application/xml</header>
		<header name="User-Agent">httpGo Server v1.0.0</header>
		<body>@file=add_subscriber.xml</body>
		<expect name="http.code" check="eq" value="201">api response status code is other than 201</expect>
	</teststep>
	<teststep type="SSH" desc="Validate the provisioning KPI counters">
		<nodeid>mstore_app</nodeid>
		<command>python /root/httpGo/mstore_kpi_counters_processor.py -group NMS_REST -collect true</command>
		<expect name="ssh.output" check="contains" value="HTTP_POST_CREATE_REQ_RCVD">provision request counter not pegged</expect>
		<expect name="ssh.output" check="contains" value="HTTP_POST_CREATE_RSP_SENT">provision response counter not pegged</expect>
	</teststep>
	<teststep type="TIMER" desc="Wait for TRL content to record in the file" seconds="10">
	</teststep>
	<teststep type="SSH" desc="Validate the provisioning TRL fields">
		<nodeid>mstore_app</nodeid>
		<command>python /root/httpGo/mstore_trl_processor.py</command>
		<expect name="ssh.output" check="contains" value="Index1 = mstore">trl field value is not matched</expect>
	</teststep>
	<teststep type="SSH" desc="Validate the users table columns in cassandra">
		<nodeid>mstore_cass</nodeid>
		<command>python3.6 /root/httpGo/mstore_cassandra_processor.py  -host "10.10.227.42" -schema "phn2o_schema" -query "select * from users where userid='${msisdn}';"</command>
		<expect name="ssh.output" check="contains" value="cosid = ${cosid}">user created with wrong cosId</expect>
	</teststep>
	<teststep type="HTTP" desc="Delete test subscriber" runalways="true">		
		<method>DELETE</method>
		<url>${mstore_provision_base_path}/host/nms/v1/vm/provision/${msisdn}</url>	
		<header name="User-Agent">httpGo Server v1.0.0</header>
	</teststep>	
</testcase>