<?xml version="1.0" encoding="UTF-8"?>
<testcase name="TC0005_Ssh_Cassandra_sample" desc="Test case to show the sample SSH remote command execution">
	<teststep type="SSH" desc="Step to get the content of text file via ssh">
		<host>10.10.220.95</host>
		<port>22</port>
		<username>root</username>
		<password>mavenir</password>
		<command mandatory="true">python3.6 /root/httpGo/mstore_cassandra_processor.py  -host "10.10.227.42" -schema "phn2o_schema" -query "select * from users;"</command>
		<expect name="ssh.status" check="not contains" value="false">remote command execution failed</expect>
		<expect name="ssh.output" check="contains" value="CASS PROCESSING SUCCESS" optional="true">Process trl operation failed</expect>
		<expect name="ssh.output" check="contains" value="userid = 8888888889">user id not found in database</expect>
	</teststep>
</testcase>