<?xml version="1.0" encoding="UTF-8"?>
<testcase name="TC0004_Ssh_TRL_sample" desc="Test case to show the sample SSH remote command execution">
	<teststep type="SSH" desc="Step to get the content of text file via ssh">
		<host>10.10.159.142</host>
		<port>22</port>
		<username>root</username>
		<password>mavenir</password>
		<command mandatory="true">python /root/httpGo/mstore_trl_processor.py -id ${session.id}</command>
		<expect name="ssh.status" check="not contains" value="false">remote command execution failed</expect>
		<expect name="ssh.output" check="contains" value="TRL PROCESSING SUCCESS" optional="true">Process trl operation failed</expect>
		<expect name="ssh.output" check="contains" value="Index11 = V1">HTTP TRL Version is not matched</expect>
	</teststep>
</testcase>