<?xml version="1.0" encoding="UTF-8"?>
<testcase name="TC0000_Provision_All_Steps" desc="Test case to show the sample POST http api test format">
	<variable name="msisdn">96207782911</variable>
	<variable name="cosid">1340</variable>
	<teststep type="HTTP" desc="Create new user subscriber">		
		<method>POST</method>
		<url>http://10.10.159.142:80/host/nms/v1/vm/provision</url>	
		<header name="Content-Type">application/xml</header>
		<header name="User-Agent">httpGo Server v1.0.0</header>
		<body>@file=add_subscriber.xml</body>
		<expect name="http.code" check="eq" value="201">api response status code is other than 201</expect>
	</teststep>
	<teststep type="SSH" desc="Validate the add provision KPI counters">
		<host>10.10.159.142</host>
		<port>22</port>
		<username>root</username>
		<password>mavenir</password>
		<command mandatory="true">python /root/httpGo/mstore_kpi_counters_processor.py -group NMS_REST -collect true</command>
		<expect name="ssh.status" check="not contains" value="false">remote command execution failed</expect>
		<expect name="ssh.output" check="contains" value="messages has been sent out" optional="true">Tmm peg immeditely failed</expect>
		<expect name="ssh.output" check="contains" value="HTTP_POST_CREATE_REQ_RCVD">provision request counter not pegged</expect>
		<expect name="ssh.output" check="contains" value="HTTP_POST_CREATE_RSP_SENT">provision response counter not pegged</expect>
	</teststep>
	<teststep type="SSH" desc="Validate the add provisioning TRL fields">
		<host>10.10.159.142</host>
		<port>22</port>
		<username>root</username>
		<password>mavenir</password>
		<command mandatory="true">python /root/httpGo/mstore_trl_processor.py</command>
		<expect name="ssh.status" check="not contains" value="false">remote command execution failed</expect>
		<expect name="ssh.output" check="contains" value="TRL PROCESSING SUCCESS" optional="true">Process trl operation failed</expect>
		<expect name="ssh.output" check="contains" value="Index1 = mstore">TRL field count is not matched</expect>
	</teststep>
	<teststep type="SSH" desc="Validate the database users table columns">
		<host>10.10.220.95</host>
		<port>22</port>
		<username>root</username>
		<password>mavenir</password>
		<command mandatory="true">python3.6 /root/httpGo/mstore_cassandra_processor.py  -host "10.10.227.42" -schema "phn2o_schema" -query "select * from users where userid='${msisdn}';"</command>
		<expect name="ssh.status" check="not contains" value="false">remote command execution failed</expect>
		<expect name="ssh.output" check="contains" value="CASS PROCESSING SUCCESS" optional="true">Process trl operation failed</expect>
		<expect name="ssh.output" check="contains" value="cosid = ${cosid}">user created with wrong cosId</expect>
	</teststep>
	<teststep type="HTTP" desc="Delete the test user" runalways="true">		
		<method>DELETE</method>
		<url>http://10.10.159.142:80/host/nms/v1/vm/provision/${msisdn}</url>	
		<header name="User-Agent">httpGo Server v1.0.0</header>
	</teststep>
</testcase>