<?xml version="1.0" encoding="UTF-8"?>
<testcase name="TC0008_Browser_Function" desc="Test case to create new user via mstore provision xml" disabled="true" tags="UT,IT,Critical">
	<teststep type="BROWSER" desc="Sample local command execution step">	
		<options>headless=false;disable-gpu=false;enable-automation=false;disable-extensions=false;start-fullscreen=false</options>
		<function name="Navigate">https://www.google.com/</function>
		<function name="Reload"></function>
		<function name="Reload"></function>
		<function name="Reload"></function>
		<function name="Reload"></function>
		<function name="Reload"></function>
		<expect name="browser.status" check="not contains" value="false">comand execution failed</expect>
	</teststep>
</testcase>